{"schemaVersion":1,"id":"mr_no_caves","version":"1-v1.1","name":"No Caves","description":"A Collection of Data Packs to stop All Caves,  New Caves, or even the Old Carver Caves from generating.","authors":["Klinbee"],"contact":{"homepage":"https://modrinth.com/datapack/no-caves","sources":"https://github.com/klinbee/No-Caves-World-Generation","issues":"https://github.com/klinbee/No-Caves-World-Generation/issues"},"license":"MIT","icon":"no-caves_pack.png","environment":"*","depends":{"fabric-resource-loader-v0":"*"}}