{"schema_version":1,"quilt_loader":{"group":"com.modrinth","id":"mr_no_caves","version":"1-v1.1","metadata":{"name":"No Caves","description":"A Collection of Data Packs to stop All Caves,  New Caves, or even the Old Carver Caves from generating.","contributors":{"Klinbee":"Owner"},"contact":{"homepage":"https://modrinth.com/datapack/no-caves","sources":"https://github.com/klinbee/No-Caves-World-Generation","issues":"https://github.com/klinbee/No-Caves-World-Generation/issues"},"icon":"no-caves_pack.png"},"intermediate_mappings":"net.fabricmc:intermediary","depends":[{"id":"quilt_resource_loader","versions":"*","unless":"fabric-resource-loader-v0"}]}}